SYMBOL,NAME,TRADE_DATE,CLOSE,Volume,On_Settle_Value,NUM_TRADES,Open,LOW,HIGH,ISO_ISIN,Nominal_Value,Market_CAP,EPS,PE_Ratio,AMOUNT,SECTOR
ABBEYBDS,ABBEY MORTGAGE BANK PLC,3/24/2022,1.05,0,0,0,1.05,1.05,1.05,NGABBEY00001,0.5,6784615385.1,0,NULL,NULL,FINANCIAL SERVICES
ABCTRANS,ASSOCIATED BUS COMPANY PLC,1/4/2021,0.38,37828,15201.3,6,0.38,0.38,0.38,NGABCTRANS01,0.5,629926000.38,0.170562,2.22792884698819,NULL,SERVICES
ACADEMY,ACADEMY PRESS PLC.,1/4/2021,0.3,0,0,0,0.3,0.3,0.3,NGACADEMY008,0.5,181440000,0,NULL,NULL,SERVICES
ACCESSCORP,ACCESS HOLDINGS PLC,1/4/2021,8.8,9599824,85398592.9,212,8.45,8.7,9,NGACCESS0005,0.5,312797985473.6,2.814392,3.12678546556414,NULL,FINANCIAL SERVICES
AFRINSURE,AFRICAN ALLIANCE INSURANCE PLC,1/4/2021,0.2,0,0,0,0.2,0.2,0.2,NGAFRINSURE4,0.5,4117000000,0,NULL,NULL,FINANCIAL SERVICES
AFRIPRUD,AFRICA PRUDENTIAL PLC,1/4/2021,6.4,187105,1219385.25,17,6.25,6.4,6.4,NGAFRIPRUD04,0.5,12800000000,0.63,10.15873,NULL,FINANCIAL SERVICES
AFROMEDIA,AFROMEDIA PLC,1/4/2021,0.2,0,0,0,0.2,0.2,0.2,NGAFROMEDIA7,0.5,887809397.2,0.077075,2.59487512163477,NULL,SERVICES
AIICO,AIICO INSURANCE PLC.,12/4/2021,1.2,87515523,98958234.49,25,1.13,1.13,1.2,NGAIICO00006,0.5,24807918487.2,0.600598,1.99800865137746,NULL,FINANCIAL SERVICES
